Word1,Word2
suitability,unsuitability
regenerate,unregenerate
established,unestablished
parallel,perpendicular
ground_stroke,volley
advisability,inadvisability
scripted,unscripted
heterodactyl,zygodactyl
endowed,unendowed
commodious,incommodious
selfish,unselfish
hardball,softball
experience,inexperience
propitiousness,unpropitiousness
winged,wingless
necessarily,unnecessarily
anadromous,catadromous
eventful,uneventful
detransitivize,transitivize
no,some
gracious,ungracious
antecedent,subsequent
repentantly,unrepentantly
come_in,go_out
apetalous,petalous
easy_money,tight_money
correctly,incorrectly
invariability,variability
gregarious,ungregarious
invariable,variable
equivalence,nonequivalence
afferent,efferent
contestable,incontestable
weedless,weedy
clockwise,counterclockwise
hospitably,inhospitably
member,nonmember
compassionate,uncompassionate
nonreflective,reflective
appositeness,inappositeness
keep_down,vomit
necessitate,obviate
precocious,retarded
off-street,on-street
citizen,noncitizen
bottom_out,top_out
fat,thin
let,prevent
bigness,littleness
innumerate,numerate
actual,potential
modulated,unmodulated
pardonable,unpardonable
invulnerable,vulnerable
confirmed,unconfirmed
defence,offence
decisively,indecisively
figure,ground
biped,quadruped
efficiency,inefficiency
merit_system,spoils_system
female_monarch,male_monarch
desensitise,sensitise
fatal,nonfatal
antemeridian,postmeridian
air-to-surface,surface-to-air
dextrorotation,levorotation
flexible,inflexible
beginning,middle
get_up,go_to_bed
narrowing,widening
losings,winnings
fit,unfit
direct,inverse
attend_to,neglect
fair,foul
bold,timid
equitable,inequitable
lawfully,unlawfully
immiscible,miscible
capacity,incapacity
quotable,unquotable
drunkenness,soberness
sleepiness,wakefulness
disprove,prove
rise,set
informed,uninformed
androgynous,female
complex_instruction_set_computer,reduced_instruction_set_computer
carved,uncarved
anticlimactic,climactic
intentionally,unintentionally
unwariness,wariness
analyzed,unanalyzed
location,studio
frivolous,serious
activation,deactivation
confine,free
efflux,influx
comfortably,uncomfortably
associate,dissociate
corpuscular_theory_of_light,wave_theory_of_light
nontranslational,translational
ignore,know
improperly,properly
diclinous,monoclinous
aggrade,degrade
waning,waxing
contralateral,ipsilateral
environmentalism,hereditarianism
monovalent,polyvalent
ambiguously,unambiguously
achromatinic,chromatinic
acceptability,unacceptability
declared,undeclared
refined,unrefined
deductive,inductive
domestic_flight,international_flight
denaturalize,naturalize
mindfulness,unmindfulness
aposelene,periselene
conformism,nonconformism
illicitness,licitness
seamed,seamless
accidentally,deliberately
unwearable,wearable
break_even,profit
nonsuppurative,suppurative
heterocercal_fin,homocercal_fin
libertarian,necessitarian
bore,interest
arbitrable,nonarbitrable
composure,discomposure
narrow,wide
darken,lighten
enterprising,unenterprising
angular,rounded
involved,uninvolved
flowering,flowerless
filled,unfilled
heterogeneous,homogeneous
nonuniformity,uniformity
badness,goodness
intelligence,stupidity
fear,fearlessness
harmonious,inharmonious
constitutional,unconstitutional
forbid,permit
anestrus,estrus
capable,incapable
insatiate,satiate
unguiculate,ungulate
unwanted,wanted
ahead,back
discipline,indiscipline
preceding,succeeding
unwary,wary
dry,phlegmy
sink,source
shared,unshared
artfulness,artlessness
anteriority,posteriority
linear,nonlinear
carry_to_term,miscarry
lentic,lotic
arrive,leave
major_surgery,minor_surgery
qualitative,quantitative
impressionable,unimpressionable
irrelevant,relevant
partly,wholly
talented,untalented
downwind,upwind
inferior,superior
bicameral,unicameral
impracticality,practicality
disordered,ordered
irregular,regular
soured,unsoured
beginning,ending
tangled,untangled
endocrine,exocrine
brave,timid
comprehensive,noncomprehensive
systematic,unsystematic
furnished,unfurnished
immateriality,materiality
early,late
attractiveness,unattractiveness
involuntary,voluntary
armed,unarmed
aged,young
benignity,malignity
hardness,softness
assertively,unassertively
disorganise,organise
hateful,lovable
expedience,inexpedience
centralise,decentralize
nonobservance,observance
obtrusiveness,unobtrusiveness
liveborn_infant,stillborn_infant
recognizably,unrecognizably
combed,uncombed
oblique_angle,right_angle
impermanent,permanent
consecrated,desecrated
desynchronization,synchronization
direct,retrograde
misused,used
abolish,establish
overhead,subsurface
effortful,effortless
cleared,uncleared
baptized,unbaptized
balance,imbalance
published,unpublished
heir_apparent,heir_presumptive
concentration,distribution
dedicated_file_server,non-dedicated_file_server
invisibility,visibility
mendacity,veracity
contaminated,uncontaminated
achondritic,chondritic
coherence,incoherence
feed,starve
atheism,theism
deaf,hearing
paved,unpaved
blacken,whiten
imperviousness,perviousness
nonwashable,washable
fair_ball,foul_ball
deepness,shallowness
farsighted,nearsighted
heavy-footed,light-footed
activator,inhibitor
conscious,unconscious
esoteric,exoteric
counterrevolutionary,revolutionary
sinkable,unsinkable
porosity,solidity
assisted,unassisted
myelinated,unmyelinated
distal,proximal
analogous,heterologous
blended,unblended
artifact,natural_object
hyperkalemia,hypokalemia
naturalness,unnaturalness
discernible,indiscernible
cheerfulness,uncheerfulness
anadromous,diadromous
effectually,ineffectually
broad-minded,narrow-minded
descriptive,undescriptive
disfluency,fluency
columned,noncolumned
nosed,noseless
crate,uncrate
constipated,unconstipated
de-iodinating,iodinating
continent,incontinent
cooking_apple,eating_apple
impure,pure
depressant,stimulative
profitableness,unprofitableness
bordered,unbordered
avenged,unavenged
believably,unbelievably
handled,handleless
insurmountable,surmountable
ambidextrous,right-handed
illicitly,licitly
nonproliferation,proliferation
mask,unmask
hit,miss
kern,kern
drop_out,enter
wired,wireless
effective,ineffective
gladden,sadden
clergyman,layman
leeward,windward
rough,smooth
melodious,unmelodious
insignificantly,significantly
additive,subtractive
agreement,disagreement
emersion,immersion
appear,disappear
actinomorphic,zygomorphic
decisive,indecisive
beaked,beakless
dead,live
wheeled,wheelless
heterodactyl_foot,zygodactyl_foot
benevolently,malevolently
ascend,descend
autologous,homologous
precedentedly,unprecedentedly
concentration,dilution
concerned,unconcerned
inopportune,opportune
destructible,indestructible
hard_drug,soft_drug
nonslippery,slippery
stuck,unstuck
overachievement,underachievement
lumper,splitter
impracticableness,practicableness
admissible,inadmissible
saturated,unsaturated
disorderliness,orderliness
expectedness,unexpectedness
controlled,uncontrolled
auspiciousness,inauspiciousness
dabbling_duck,diving_duck
gabled,hipped
immoderate,moderate
pastness,presentness
descriptive_linguistics,prescriptive_linguistics
expressively,inexpressively
thoughtfully,thoughtlessly
come,go
timbered,untimbered
lean,rich
by_all_means,by_no_means
unzip,zip_up
impreciseness,preciseness
insufficient,sufficient
meaningfulness,meaninglessness
high-interest,low-interest
decisiveness,indecisiveness
charitable,uncharitable
blessed,cursed
allopatric,sympatric
modern,old_style
compressibility,incompressibility
integrated,nonintegrated
adsorbent,nonadsorbent
humanely,inhumanely
inheritable,noninheritable
lowland,upland
multiple,single
restraint,unrestraint
prefix,suffix
equipped,unequipped
kind,unkind
decreasing,increasing
downtick,uptick
clarify,obfuscate
explode,implode
deprive,enrich
overshoot,undershoot
ample,meager
future,present
sworn,unsworn
overstock,understock
multiple-choice,true-false
poor_people,rich_people
juiceless,juicy
adjusted,maladjusted
impatient,patient
loading,unloading
disenchant,enchant
at_the_least,at_the_most
inpatient,outpatient
desensitizing,sensitizing
humane,inhumane
affected,unaffected
evil,good
edible,inedible
limbed,limbless
concealed,unconcealed
get_well,get_worse
unwholesome,wholesome
certify,decertify
herbivorous,omnivorous
collateral,lineal
nasty,nice
intolerance,tolerance
difference,sameness
invertebrate,vertebrate
immorality,morality
ametabolic,metabolic
ethical,unethical
confidence,diffidence
fissionable,nonfissionable
disinflation,inflation
accentual,quantitative
elegantly,inelegantly
criminalization,decriminalization
bracteate,ebracteate
old,young
successful,unsuccessful
proved,unproved
existence,nonexistence
atypicality,typicality
expansive,unexpansive
clement,inclement
soft-finned_fish,spiny-finned_fish
multiculturalism,nationalism
intestate,testate
likeness,unlikeness
assembly,disassembly
multiparous,uniparous
heavy-duty,light-duty
censored,uncensored
midi,mini
lossless,lossy
brave,cowardly
amphibious,aquatic
offending,unoffending
essentiality,inessentiality
falsehood,truth
asymmetrically,symmetrically
comfort,discomfort
loser,winner
illegibly,legibly
dishonorableness,honorableness
dethrone,enthrone
natural,supernatural
moneyed,moneyless
abaxially,adaxially
accessibility,inaccessibility
counterfeit,genuine
bivalve,univalve
parallel_operation,serial_operation
disproportion,proportion
committed,uncommitted
biodegradable_pollution,nonbiodegradable_pollution
depressurize,pressurize
anticlinal,synclinal
insalubriousness,salubriousness
dry,wet
string,unstring
friendliness,unfriendliness
impervious,pervious
cenogenetic,palingenetic
former,latter
grassless,grassy
memorably,unmemorably
dangerousness,safeness
point_of_apoapsis,point_of_periapsis
mitigated,unmitigated
cash_account,margin_account
anal,oral
hypertonia,hypotonia
destalinize,stalinize
industrial,nonindustrial
dissuasion,persuasion
ignoble,noble
hopefulness,hopelessness
digestibility,indigestibility
full-time,half-time
smilingly,unsmilingly
shrink,stretch
obligatorily,optionally
unventilated,ventilated
pain,pleasure
reasonably,unreasonably
acarpelous,carpellate
obtrusively,unobtrusively
armored,unarmored
shod,unshod
blond,brunet
ecdemic,endemic
tastefully,tastelessly
automatic,manual
accrual_basis,cash_basis
turn_in,turn_out
adroit,maladroit
anode,cathode
check_in,check_out
extensile,nonextensile
barreled,unbarreled
expert_witness,lay_witness
attributable,unattributable
shelled,unshelled
susceptibility,unsusceptibility
stifle,stimulate
diurnal,nocturnal
constant,inconstant
sexy,unsexy
failure,success
negative,neutral
insolvent,solvent
respectable,unrespectable
looseness,tightness
general_agent,special_agent
say_farewell,welcome
afebrile,febrile
invisibly,visibly
de-ionate,ionate
curliness,straightness
crooked,straight
primarily,secondarily
amateur,professional
denationalization,nationalization
acidic,alkaline
disesteem,esteem
deflation,disinflation
depersonalise,personalise
market_economy,non-market_economy
conspicuously,inconspicuously
revived,unrevived
hopeful,hopeless
laced,unlaced
hypotonic,isotonic
fewest,most
desirous,undesirous
publicized,suppressed
annual,perennial
coordinating,subordinating
hand_mower,power_mower
steadiness,unsteadiness
immoderately,moderately
impartial,partial
extrasensory,sensory
processed,unprocessed
badly,well
abridged,unabridged
commissioned,noncommissioned
insignificant,significant
earliness,lateness
clergy,laity
divide,unite
achiever,loser
plural,singular
bimodal,unimodal
forgivably,unforgivably
carefulness,carelessness
astringent,nonastringent
intermediate,terminal
insentient,sentient
criticize,praise
apologetic,unapologetic
subjacent,superjacent
acidify,alkalize
consciously,unconsciously
unwind,wind
specialized,unspecialized
familiar,strange
consequentially,inconsequentially
altruism,egoism
numerical,verbal
compatibility,incompatibility
nephew,niece
lowercase,uppercase
anodic,cathodic
imitative,nonimitative
follower,leader
hard_water,soft_water
imprecise,precise
curable,incurable
calcify,decalcify
gross,net
unwillingly,willingly
closed_chain,open_chain
predictable,unpredictable
nonretractile,retractile
long-spurred,short-spurred
datable,undatable
groomed,ungroomed
effectively,ineffectively
dimmed,undimmed
continuant_consonant,stop_consonant
being,nonbeing
limited,unlimited
susceptible,unsusceptible
CISC,RISC
allopatry,sympatry
just,unjust
leaded,unleaded
sugarless,sugary
justly,unjustly
high-resolution,low-resolution
equally,unequally
split_ticket,straight_ticket
caution,incaution
cubic,linear
bloodless,bloody
disenchanted,enchanted
extrospective,introspective
thinkable,unthinkable
difficult,easy
capableness,incapableness
downriver,upriver
optimist,pessimist
exclusive,inclusive
parallelogram,trapezium
disembarrassment,embarrassment
godliness,ungodliness
high-sudsing,low-sudsing
unwritten,written
algorithmic,heuristic
marked,unmarked
pedunculate,sessile
disorienting,orienting
ovoviviparous,viviparous
overtime,regulation_time
dorsal,ventral
democratic,undemocratic
ionized,nonionized
autumnal,summery
following,leading
puncturable,punctureless
deoxidize,oxidize
fail,pass
campylotropous,orthotropous
stained,unstained
fast,slow
general,specific
agitation,calmness
caducous,persistent
involuntarily,voluntarily
beneficed,unbeneficed
fall_asleep,wake_up
disintegrate,integrate
tanned,untanned
new,worn
female_aristocrat,male_aristocrat
calm,stormy
wigged,wigless
abient,adient
achromatic,chromatic
generality,particularity
amended,unamended
acknowledged,unacknowledged
immodesty,modesty
attention,inattention
calced,discalced
irrational,rational
bare,covered
concern,unconcern
federal,unitary
interested,uninterested
propitiously,unpropitiously
mistrust,trust
fissile,nonfissile
scented,scentless
flatten,sharpen
dispensableness,indispensableness
equity,inequity
harmonic,nonharmonic
labeled,unlabeled
righteous,unrighteous
strong,weak
categorem,syncategorem
gracefully,ungracefully
allow,deny
conventionality,unconventionality
irremediable,remediable
subhuman,superhuman
breakable,unbreakable
hypertensive,hypotensive
extraordinary,ordinary
abstemious,gluttonous
impenitent,penitent
active,quiet
domestic,foreign
ostentatious,unostentatious
earthly,heavenly
anaphrodisiac,aphrodisiac
smokeless,smoky
gaseous,solid
attract,repel
keep_track,lose_track
felicitous,infelicitous
foolish,wise
shortness,tallness
least,most
insanity,sanity
downstairs,upstairs
counterfactuality,factuality
estivate,hibernate
inoperative,operative
topless,topped
good_humor,ill_humor
center,right
fallible,infallible
above,below
impolitic,politic
civilian,military
skilled,unskilled
multilaterally,unilaterally
fresh,salty
receptive,unreceptive
abstractness,concreteness
maximal,minimal
illegal,legal
thicken,thin
louden,quieten
indulgent,nonindulgent
disrespectful,respectful
horned,hornless
scalable,unscalable
curly,straight
punch_in,punch_out
military,unmilitary
instructively,uninstructively
acutely,chronically
adjective,substantive
lost,won
impolite,polite
adulterating,purifying
hypertonic,hypotonic
bridgeable,unbridgeable
insensitively,sensitively
lawfulness,unlawfulness
block,unblock
deodourise,odourise
apocrine,eccrine
sociably,unsociably
ever,never
gratitude,ingratitude
causative,noncausative
boycott,patronize
nonvolatile,volatile
belt,unbelt
hypersomnia,insomnia
disingenuousness,ingenuousness
contract,expand
demobilize,mobilize
function,malfunction
rentable,unrentable
emotionality,unemotionality
tameness,wildness
curableness,incurableness
consciousness,unconsciousness
abduct,adduct
displease,please
commonness,uncommonness
constricted,unconstricted
by_hand,by_machine
disenfranchise,enfranchise
monoclinic,triclinic
employed,unemployed
decrement,increment
new,old
infectious,noninfectious
borrow,lend
agitated,unagitated
jawed,jawless
mortal_sin,venial_sin
eucaryotic,procaryotic
clock_in,clock_out
immediate,mediate
pop_in,pop_out
purposeful,purposeless
denazify,nazify
hydrokinetic,hydrostatic
convenient,inconvenient
no_longer,still
close,distant
resentful,unresentful
activate,inactivate
depressurise,pressurise
parented,unparented
sanitariness,unsanitariness
father,mother
disobediently,obediently
unvaried,varied
immovability,movability
inoffensive,offensive
enforce,exempt
fasten,unfasten
northernness,southernness
few,many
ebbtide,flood_tide
fancy,plain
eradicable,ineradicable
harden,soften
incoming,outgoing
bottomed,bottomless
insecurity,security
tubed,tubeless
good_fortune,misfortune
nonradioactive,radioactive
antiseptic,septic
astigmatism,stigmatism
femininity,masculinity
mercifulness,mercilessness
absolute,relative
colored,uncolored
pleasingness,unpleasingness
disincentive,incentive
immaturity,maturity
child,parent
valgus,varus
rest_day,workday
primary,secondary
divest,invest
prejudiced,unprejudiced
suitableness,unsuitableness
guilt,innocence
antinode,node
cared-for,uncared-for
one-piece,two-piece
like,unlike
mental,physical
posteriority,priority
de-escalate,escalate
sour,sweet
extricable,inextricable
concavely,convexly
disinclined,inclined
bibbed,bibless
impossibility,possibility
good-natured,ill-natured
despair,hope
gravitation,levitation
north,south
oblique_triangle,right_triangle
air_mail,surface_mail
critical,uncritical
coiled,uncoiled
androgynous,male
hyperglycemia,hypoglycemia
bettering,worsening
abducent,adducent
destabilise,stabilize
mechanical,nonmechanical
becomingness,unbecomingness
fat_person,thin_person
flat,sharp
binaurally,monaurally
imperfect,perfect
reproducible,unreproducible
affirmative,negative
finiteness,infiniteness
anovulation,ovulation
otherworldliness,worldliness
income,outgo
apophatism,doctrine_of_analogy
avascular,vascular
opisthognathous,prognathous
frozen,unfrozen
roughness,smoothness
communicativeness,uncommunicativeness
directional,omnidirectional
de-energise,energise
popular,unpopular
expediency,inexpediency
credibly,incredibly
angry,unangry
Cryptogamia,Phanerogamae
gracefully,gracelessly
depersonalize,personalize
email,snail_mail
allow,disallow
agreeableness,disagreeableness
lie,sit
full,thin
color,colorlessness
other,same
intelligibly,unintelligibly
bounce,clear
approbation,disapprobation
acceptable,unacceptable
beautiful,ugly
earned_run,unearned_run
articulated,unarticulated
abundance,scarcity
convincingly,unconvincingly
motion,motionlessness
geometrically,linearly
holiness,unholiness
pronounceable,unpronounceable
knowable,unknowable
audible,inaudible
inwardness,outwardness
alignment,nonalignment
arise,lie_down
avow,disavow
acceptive,rejective
insecurely,securely
nonsmoker,smoker
out,safe
happiness,sadness
courtesy,discourtesy
saddled,unsaddled
malleability,unmalleability
happily,sadly
impressively,unimpressively
differentiated,undifferentiated
manly,unmanly
bottom-up,top-down
dysphemistic,euphemistic
calculable,incalculable
declaratory,interrogatory
surprised,unsurprised
ebb,tide
balanced,unbalanced
frivolity,seriousness
lamented,unlamented
planted,unplanted
imprudence,prudence
dry_season,rainy_season
bidirectional,unidirectional
human,nonhuman
obligatory,optional
sessile,vagile
collective,distributive
excusably,inexcusably
appropriate,inappropriate
digitigrade_mammal,plantigrade_mammal
adequacy,inadequacy
negativity,positivity
inbred,outbred
summerize,winterize
spaced,unspaced
reliability,unreliability
exclusion,inclusion
analogue,digital
crystallized,uncrystallized
hitch,unhitch
irreverent,reverent
intelligibility,unintelligibility
assent,dissent
good_health,ill_health
coarsely,finely
equivocal,unequivocal
decency,indecency
common_noun,proper_noun
give,take
asynchronous,synchronous
autumnal,wintry
consistently,inconsistently
nonstandard,standard
induced,spontaneous
bind,unbind
acute,chronic
descriptive,prescriptive
sanitary,unsanitary
braid,unbraid
bedded,bedless
bend,straighten
awed,unawed
hospitable,inhospitable
swept,unswept
importance,unimportance
tender,tough
tuneful,tuneless
loudness,softness
clothed,unclothed
productiveness,unproductiveness
atonality,tonality
distinguishable,indistinguishable
defeasible,indefeasible
hypertonic,isotonic
covert,overt
cleanliness,uncleanliness
freshness,staleness
aptitude,inaptitude
intransitive,transitive
irresponsibility,responsibility
cacophonous,euphonious
atomistic,holistic
divided,united
high_season,off-season
air-to-air,surface-to-air
distinctness,indistinctness
desensitize,sensitize
productively,unproductively
injectable,uninjectable
demulsify,emulsify
nastiness,niceness
moving,still
healthfulness,unhealthfulness
neutral,positive
competitively,noncompetitively
majority,minority
broken,unbroken
scrupulous,unscrupulous
contaminate,decontaminate
cold-blooded,warm-blooded
antagonist,synergist
asynchronous_operation,synchronous_operation
concave,convex
injudiciousness,judiciousness
proximate,ultimate
banded,unbanded
seamanlike,unseamanlike
perinatal,postnatal
congruousness,incongruousness
improvidence,providence
abience,adience
sportingly,unsportingly
profitability,unprofitability
Arabic_numeral,Roman_numeral
tempered,untempered
irreligious,religious
derivational,inflectional
hatless,hatted
trustworthiness,untrustworthiness
irresolute,resolute
overstatement,understatement
coil,uncoil
objectively,subjectively
acceleration,deceleration
actable,unactable
unwrinkled,wrinkled
compound,simple
catalectic,hypercatalectic
invalid,valid
disorder,order
deservedly,undeservedly
nonviolent,violent
tactfulness,tactlessness
overact,underact
dextral,sinistral
modern,nonmodern
steady,unsteady
fidelity,infidelity
efficient,inefficient
listed_security,unlisted_security
conclusive,inconclusive
complex,simple
discouragingly,encouragingly
opposable,unopposable
beauty,ugliness
heterologous,homologous
insensibility,sensibility
ahistorical,historical
dishonorably,honorably
futurity,pastness
relatedness,unrelatedness
talk_into,talk_out_of
submersible,surface_ship
explosive,nonexplosive
entozoic,epizoic
disloyal,loyal
insalubrity,salubrity
decline,improvement
background,foreground
sensational,unsensational
acaulescent,caulescent
consistent,inconsistent
coastal,inland
commensurate,incommensurate
contentment,discontentment
centrally,peripherally
loosen,stiffen
disorient,orient
perplexed,unperplexed
intolerably,tolerably
directness,indirectness
powerfulness,powerlessness
Arianism,Athanasianism
recto,verso
dominant,subordinate
boycott,patronise
endogamous,exogamous
functional_disorder,organic_disorder
day,night
insured,uninsured
irrationally,rationally
alike,unalike
satisfactory,unsatisfactory
dry,sweet
move,stand_still
attached,unattached
keyed,keyless
thermoplastic,thermosetting
dependableness,undependableness
awkwardness,gracefulness
naturally,unnaturally
sharpness,softness
availability,unavailability
fail,succeed
conditional,unconditional
disposable,nondisposable
inspiring,uninspiring
extraterritorial,territorial
extensor,flexor
absorbent,nonabsorbent
frequent,infrequent
ambidextrous,left-handed
deglycerolize,glycerolize
downtown,uptown
find,lose
priestly,unpriestly
convenience,inconvenience
disrespectfully,respectfully
advance,back
asexual,sexual
compression,decompression
excitingly,unexcitingly
insincerity,sincerity
immanent,transeunt
able,unable
haploid,polyploid
non-volatile_storage,volatile_storage
atomism,holism
nonphotosynthetic,photosynthetic
mindful,unmindful
diploid,polyploid
change,stay
obvious,unobvious
patriotically,unpatriotically
crowned,uncrowned
sit,stand
unweaned,weaned
aphelion,perihelion
artificial,natural
innocuous,noxious
unworldly,worldly
lax,tense
lower,raise
ability,inability
efficaciously,inefficaciously
abundant,scarce
capitalism,socialism
addressed,unaddressed
distinct,indistinct
folly,wisdom
unwrapped,wrapped
hypercalcemia,hypocalcemia
heaviness,lightness
assimilate,dissimilate
evitable,inevitable
burdened,unburdened
coated,uncoated
coherently,incoherently
neurotic_depression,psychotic_depression
ascending_node,descending_node
dependable,undependable
dicotyledonous,monocotyledonous
open,shut
fortissimo,pianissimo
hollowness,solidity
end,middle
oleophilic,oleophobic
dishonesty,honesty
nonprofessional,professional
disliked,liked
expendable,unexpendable
intended,unintended
concealing,revealing
saddle,unsaddle
nonprescription,prescription
debilitating,invigorating
attentive,inattentive
molar,molecular
futurity,presentness
insectivorous,omnivorous
productive,unproductive
mononuclear,trinucleate
cataphatism,doctrine_of_analogy
circumstantial_evidence,direct_evidence
impermissibility,permissibility
extrinsic,intrinsic
helpful,unhelpful
greater,lesser
conjunct,disjunct
dark,light
conveniently,inconveniently
broad-mindedness,narrow-mindedness
closed,open
king,queen
follow,precede
consecrate,desecrate
irresoluteness,resoluteness
dedicated,undedicated
deposit,withdraw
finish,start
connected,unconnected
demythologize,mythologize
profundity,superficiality
hypercapnia,hypocapnia
granter,withholder
landed,landless
stratified,unstratified
complete,incomplete
multidimensional_language,one-dimensional_language
common,individual
boil,freeze
dock,undock
first,last
registered,unregistered
inoffensively,offensively
alternating_current,direct_current
intransitivity,transitivity
naive,sophisticated
sized,unsized
considerately,inconsiderately
inquiring,uninquiring
efficiently,inefficiently
animateness,inanimateness
general,particular
be_active,rest
unvariedness,variedness
avoid,confront
alcoholic,nonalcoholic
play_down,play_up
delicate,rugged
interspecies,intraspecies
multilateral,unilateral
tactfully,tactlessly
fortunate,unfortunate
accuracy,inaccuracy
combinative,noncombinative
injustice,justice
preparation,resolution
conditionally,unconditionally
opposed,unopposed
excitable,unexcitable
purposefulness,purposelessness
little,much
Lady,Lord
conclusively,inconclusively
chain,unchain
accelerate,decelerate
illegibility,legibility
leavened,unleavened
cautiously,incautiously
proactive,retroactive
pull,push
publishable,unpublishable
auspiciously,inauspiciously
domestic,undomestic
eusporangiate,leptosporangiate
immature,mature
discriminating,undiscriminating
conception,misconception
musically,unmusically
absent,present
empty,full
obtrusive,unobtrusive
manfully,unmanfully
gather,spread
noisy,quiet
big,little
amateurishly,expertly
demagnetize,magnetize
progressive,regressive
literalize,spiritualize
intolerantly,tolerantly
justifiably,unjustifiably
conspicuous,inconspicuous
employee,employer
unwaxed,waxed
better,worse
styleless,stylish
forte,piano
changed,unchanged
matched,mismatched
scramble,unscramble
man,woman
downwards,upwards
drained,undrained
infield,outfield
hypertension,hypotension
impious,pious
allogeneic,xenogeneic
costive,laxative
considerable,inconsiderable
generic_wine,varietal_wine
altricial,precocial
familiar,unfamiliar
impractical,practical
multiform,uniform
steadily,unsteadily
eager,uneager
distrustfully,trustfully
largeness,smallness
solvability,unsolvability
exhausted,unexhausted
cheap,expensive
illness,wellness
binucleate,trinucleate
formally,informally
assigned,unassigned
first,second
charge,pay_cash
monosemy,polysemy
equitably,inequitably
adhesive,nonadhesive
non-proliferation,proliferation
impermanence,permanence
laureled,unlaureled
graciousness,ungraciousness
sympathetically,unsympathetically
anabolism,catabolism
box,unbox
irreducible,reducible
closing,opening
accept,reject
insufficiently,sufficiently
loudly,softly
absolve,blame
defensive,offensive
foreign,native
elegant,inelegant
distrustful,trustful
shockable,unshockable
ectomorphic,mesomorphic
thoughtfulness,unthoughtfulness
advantage,disadvantage
even,odd
political_correctness,political_incorrectness
ambiguous,unambiguous
connectedness,disconnectedness
float,sink
mark_down,mark_up
popularity,unpopularity
cismontane,tramontane
disloyalty,loyalty
scientific,unscientific
dematerialize,materialize
all,some
addition,subtraction
immortality,mortality
de_facto,de_jure
imperfectly,perfectly
fall_short_of,satisfy
disobedience,obedience
enthusiastically,unenthusiastically
unvoiced,voiced
harmful,harmless
migratory,nonmigratory
livable,unlivable
artificially,naturally
acrocarpous,pleurocarpous
intemperance,temperance
inorganic,organic
affinity,consanguinity
break,make
merited,unmerited
corrigible,incorrigible
evenness,unevenness
left-handed,right-handed
center,left
stimulating,unstimulating
have,lack
appetizing,unappetizing
radiolucent,radiopaque
conservative,liberal
excited,unexcited
nonparticulate,particulate
maximally,minimally
happiness,unhappiness
anterograde,retrograde
right,wrongly
branded,unbranded
concentricity,eccentricity
text_edition,trade_edition
inflow,outflow
cleanness,dirtiness
let_out,take_in
international_waters,territorial_waters
desirable,undesirable
sealed,unsealed
thick,thin
lowered,raised
abruptness,gradualness
complicate,simplify
dramatically,undramatically
nonsingular_matrix,singular_matrix
benign,malignant
disunify,unify
reflected,unreflected
scrupulousness,unscrupulousness
monochromatic,polychromatic
neighborliness,unneighborliness
camphorated,uncamphorated
ferned,fernless
antimagnetic,magnetic
dioecious,monoecious
competence,incompetence
conform_to,violate
favorably,unfavorably
crannied,uncrannied
repeatable,unrepeatable
alphabetic,analphabetic
inner,outer
imperceptibility,perceptibility
egress,ingress
backward,forward
boneless,bony
boldness,timidity
persuasiveness,unpersuasiveness
begin,end
unwilling,willing
decent,indecent
bivalent,multivalent
autoecious,heteroecious
decorously,indecorously
progress,regress
insecureness,secureness
affectedness,unaffectedness
endothermic,exothermic
attach,detach
cover,uncover
at_least,at_most
blemished,unblemished
virtuous,wicked
aborad,orad
judgmental,nonjudgmental
defuse,fuse
helpfully,unhelpfully
animate,inanimate
ancestor,descendant
postnuptial,prenuptial
hygienically,unhygienically
extinguishable,inextinguishable
extensive,intensive
level,raise
prepared,unprepared
reported,unreported
hold,let_go_of
cortex,medulla
nonterritorial,territorial
real,unreal
in-basket,out-basket
cellular,noncellular
comprehensively,noncomprehensively
downward,upward
exact,inexact
horizontal,vertical
Romanticism,classicism
spoken,written
leave_office,take_office
admit,reject
boy,girl
nonruminant,ruminant
irrevocable,revocable
thoughtfulness,thoughtlessness
plug_in,unplug
bad_person,good_person
cross,uncross
courage,cowardice
shaven,unshaven
attractive,unattractive
sonic,supersonic
conventional,unconventional
denationalize,nationalize
curdle,homogenise
atypically,typically
move_in,move_out
unwomanly,womanly
carnivorous,insectivorous
gaseous,liquid
categorematic,syncategorematic
impenitently,penitently
inside,outside
amicable,hostile
unwarily,warily
export,import
unworthiness,worthiness
antagonistic,conciliatory
kindness,unkindness
draftee,volunteer
enthusiastic,unenthusiastic
accompanied,unaccompanied
monophonic_music,polyphonic_music
high,low
impossible,possible
particular_proposition,universal_proposition
disinclination,inclination
longness,shortness
pointedness,unpointedness
claim,disclaim
felicitously,infelicitously
artesian,subartesian
artful,artless
antagonistic,synergistic
conquerable,unconquerable
asyndetic,syndetic
mental_health,mental_illness
disreputably,reputably
rural,urban
nontaxable,taxable
rimless,rimmed
back,veer
keep_quiet,talk
actively,passively
multiply,singly
impaired,unimpaired
adventurous,unadventurous
dissimilarity,similarity
brightness,dullness
odorless,odorous
antrorse,retrorse
appendaged,unappendaged
unwholesomeness,wholesomeness
twist,untwist
appealingly,unappealingly
confined,invasive
acquittal,conviction
solved,unsolved
rising_trot,sitting_trot
active_trust,passive_trust
late,middle
orthodox,unorthodox
direct_discourse,indirect_discourse
inorganically,organically
falling,rising
corruptibility,incorruptibility
playful,unplayful
improvident,provident
dysphemism,euphemism
manned,unmanned
classification,declassification
cubic,planar
painfully,painlessly
have,miss
protected,unprotected
stressed,unstressed
admit,exclude
autologous,heterologous
impoliteness,politeness
strength,weakness
questionable,unquestionable
dangerous,safe
seemliness,unseemliness
permissive,preventive
demonstrative,undemonstrative
fresh,stale
fledged,unfledged
alert,unalert
dominant,recessive
fire,hire
imperceptibly,perceptibly
geographic,magnetic
elegance,inelegance
align,skew
sound,unsound
dehumanize,humanize
malnourished,nourished
excusable,inexcusable
enlightening,unenlightening
black-and-white,color
double-barreled,single-barreled
salable,unsalable
believingly,unbelievingly
on_the_one_hand,on_the_other_hand
enrich,impoverish
congruity,incongruity
dehydrate,hydrate
scale_down,scale_up
anionic,cationic
busy,idle
credit,debit
intelligently,unintelligently
approve,disapprove
refresh,tire
destabilise,stabilise
colorful,colorless
indoor,outdoor
differ,equal
devolution,evolution
successfully,unsuccessfully
heterocercal,homocercal
twine,untwine
official,unofficial
cultivated_plant,weed
disservice,service
quiet,unquiet
atonicity,tonicity
extraversion,introversion
blow_up,reduce
decorousness,indecorousness
dishearten,hearten
mobile,stabile
settled,unsettled
critically,uncritically
distrust,trust
activity,inactivity
heavily,lightly
inwardly,outwardly
absorb,emit
analogous,homologous
button,unbutton
peaceful,unpeaceful
lidded,lidless
burden,unburden
energetic,lethargic
east,west
closeness,openness
electrolytic_cell,voltaic_cell
dynamic,undynamic
deregulate,regulate
insoluble,soluble
professional,unprofessional
endoergic,exoergic
monophonic,polyphonic
foreignness,nativeness
compatible,incompatible
advance,recede
coordination,incoordination
express,local
asynchronism,synchronism
downtime,uptime
binaural,monaural
changeable,unchangeable
idle,run
rifled,unrifled
dishonestly,honestly
insubordination,subordination
specified,unspecified
essential,inessential
fragrant,malodorous
inoperable,operable
birth,death
inferiority,superiority
hypertonus,hypotonus
beginning,end
creditor,debtor
irreplaceable,replaceable
autogamous,endogamous
exhaustible,inexhaustible
declarative,interrogative
rhythmical,unrhythmical
faithful,unfaithful
maternal,paternal
all,no
nonreciprocal,reciprocal
back,front
allopathy,homeopathy
sent,unsent
geared,ungeared
diversify,specialise
endogamy,exogamy
be_born,die
noticeable,unnoticeable
exterior,interior
immaterial,material
faceted,unfaceted
eyed,eyeless
adopted,native
curved,straight
lose,profit
appreciatively,unappreciatively
anaphrodisia,aphrodisia
active,passive
unwittingly,wittingly
destabilization,stabilization
sleeved,sleeveless
grammatically,ungrammatically
patronized,unpatronized
employment,unemployment
apophatism,cataphatism
formality,informality
close,open
depression,elation
disobedient,obedient
categoreme,syncategoreme
restful,restless
intolerant,tolerant
clearness,unclearness
obligated,unobligated
approbate,reprobate
enclosed,unenclosed
optimistic,pessimistic
early,middle
congruent,incongruent
branchless,branchy
bad,good
disorganized,organized
private,public
seasoned,unseasoned
convergency,divergency
acid-loving,alkaline-loving
newness,oldness
normal,paranormal
separation,union
inshore,offshore
divisible,indivisible
ravel,unravel
disingenuous,ingenuous
maximise,minimise
animated,unanimated
different,same
competently,incompetently
competition,cooperation
general_verdict,special_verdict
applicability,inapplicability
begrudge,wish
outbid,underbid
preventable,unpreventable
aptness,inaptness
spirited,spiritless
brainwashed,unbrainwashed
tame,wild
high_tide,low_tide
ambiversive,extroversive
multidimensional,unidimensional
linguistic,nonlinguistic
motorized,unmotorized
religious,secular
external,internal
female_parent,male_parent
gravity,levity
planned,unplanned
extraordinariness,ordinariness
cheerfulness,cheerlessness
long,short
responsiveness,unresponsiveness
ambiversion,extraversion
functioning,malfunctioning
humility,pride
catarrhine,platyrrhine
downstream,upstream
admire,look_down_on
furrowed,unfurrowed
exchangeability,unexchangeability
convergent,divergent
maxi,mini
convertible,inconvertible
chivalrously,unchivalrously
less,more
handmade,machine-made
cash,credit
correct,falsify
dysphoric,euphoric
dress_down,dress_up
ambiversion,introversion
anastigmatic,astigmatic
geocentric,heliocentric
ready,unready
adaptability,unadaptability
advisable,inadvisable
adscript,subscript
afloat,aground
detected,undetected
audibly,inaudibly
pretentiousness,unpretentiousness
disenfranchised,enfranchised
truthfulness,untruthfulness
deteriorate,recuperate
alternate,opposite
inboard,outboard
civilly,uncivilly
integration,segregation
short,tall
disjoin,join
extroversive,introversive
regulated,unregulated
anterior,posterior
humorless,humorous
aligned,nonaligned
extramural,intramural
oblique,parallel
thoughtful,thoughtless
maxi,midi
trustworthy,untrustworthy
interestingly,uninterestingly
crucial,noncrucial
disqualify,qualify
applaud,boo
cheerfully,cheerlessly
consonant,vowel
affixed,unaffixed
related,unrelated
retail,wholesale
cheerful,depressing
dedifferentiate,differentiate
strengthen,weaken
charged,uncharged
joy,sorrow
nonworker,worker
fathomable,unfathomable
capitalistic,socialistic
alkaline,amphoteric
fast_reactor,thermal_reactor
originality,unoriginality
large,small
femaleness,maleness
disintegrative,integrative
adjusted,unadjusted
employable,unemployable
merciful,merciless
bottom,top
impermeability,permeability
imperfection,perfection
footed,footless
requested,unrequested
offside,onside
concentrate,deconcentrate
discharge,enlist
fixed-width_font,proportional_font
deflation,inflation
enforced,unenforced
musical,unmusical
lighten,weigh_down
postdate,predate
expatriate,repatriate
beneficent,maleficent
illegitimate,legitimate
dehumidify,humidify
crescendo,decrescendo
aestivate,hibernate
live_birth,stillbirth
thickness,thinness
ill-advised,well-advised
irrelevantly,relevantly
recoverable,unrecoverable
full-time,part-time
sleeping,waking
authorized,unauthorized
reentrant_angle,salient_angle
constructive,destructive
faced,faceless
aquatic,terrestrial
rusted,rustless
hypertonicity,hypotonicity
belief,unbelief
staple,unstaple
comparable,incomparable
defined,undefined
bottom,side
altruistic,egoistic
centrifugal,centripetal
dissuade,persuade
dejected,elated
appropriately,inappropriately
completeness,incompleteness
caulked,uncaulked
meaningful,meaningless
deflationary,inflationary
enlivened,unenlivened
side,top
destabilize,stabilize
constancy,inconstancy
plowed,unplowed
restricted,unrestricted
soundness,unsoundness
injudiciously,judiciously
chartered,unchartered
instrumental,vocal
ceremoniously,unceremoniously
fewer,more
native,nonnative
a_posteriori,a_priori
demobilise,mobilise
curtained,curtainless
hierarchical,nonhierarchical
made,unmade
failing,passing
centralise,decentralise
pin,unpin
overbid,underbid
effervescent,noneffervescent
detribalisation,tribalisation
rewarding,unrewarding
criminalize,decriminalize
aerobic,anaerobic
coldhearted,warmhearted
demilitarize,militarize
immutableness,mutableness
immutable,mutable
medical,surgical
disorganize,organize
discreet,indiscreet
nonresident,resident
inseparably,separably
prophetic,unprophetic
unveiled,veiled
here,there
complimentary,uncomplimentary
appealing,unappealing
dysphoria,euphoria
best,worst
metamorphic,nonmetamorphic
necessary,unnecessary
curdle,homogenize
ecdemic,epidemic
effortfulness,effortlessness
feasibility,infeasibility
skillfulness,unskillfulness
thrifty,wasteful
seaworthy,unseaworthy
resist,surrender
tracked,trackless
posed,unposed
devoice,voice
appreciate,depreciate
toothed,toothless
quietly,unquietly
cosmopolitan,provincial
sharpen,soften
adult,juvenile
make,unmake
acyclic,cyclic
high_sea,territorial_waters
cardinal,ordinal
freelance,salaried
destroyed,preserved
fingered,fingerless
timeliness,untimeliness
bound,free
dull,sharp
liquid,solid
attributive,predicative
junior,senior
tearful,tearless
overexpose,underexpose
ashamed,unashamed
central,peripheral
offshore,onshore
acceptance,rejection
dissonance,harmony
invalidate,validate
clear,opaque
powerful,powerless
emigrate,immigrate
qualified,unqualified
de-energize,energize
fastened,unfastened
sheathe,unsheathe
dissuasive,persuasive
nonreticulate,reticulate
covertly,overtly
indoors,outdoors
wane,wax
appointive,elective
contrasty,flat
maximum,minimum
heavy,light
fresh_water,saltwater
feminine,masculine
awakened,unawakened
eat_in,eat_out
autumnal_equinox,vernal_equinox
high_quality,low_quality
imperceptible,perceptible
summery,vernal
optimistically,pessimistically
unwoven,woven
quantitative,syllabic
modifiable,unmodifiable
staged,unstaged
malted,unmalted
acquaintance,stranger
muzzle,unmuzzle
northern,southern
clear,cloudy
endemic,epidemic
succumb,survive
docile,stubborn
healthy,unhealthy
shout,whisper
generalist,specialist
ignore,notice
influential,uninfluential
usefulness,uselessness
stoppable,unstoppable
profane,sacred
saponified,unsaponified
anabolic,catabolic
certified,uncertified
perceptiveness,unperceptiveness
backed,backless
intemperate,temperate
seated,standing
loose,tight
deoxidise,oxidise
adnate,connate
monogamous,polygamous
nonrigid,rigid
antonymous,synonymous
shaded,unshaded
lower-class,upper-class
better,worsen
immunocompetent,immunodeficient
opacity,transparency
enlightened,unenlightened
courteously,discourteously
trained,untrained
hard,soft
painted,unpainted
germfree,germy
diploid,haploid
educated,uneducated
friendly,unfriendly
masochist,sadist
benevolence,malevolence
over-the-counter_drug,prescription_drug
dislodge,lodge
ride,walk
irrelevance,relevance
disincarnate,incarnate
monotonic,nonmonotonic
nominative,oblique
supportive,unsupportive
amply,meagerly
considerate,inconsiderate
paintable,unpaintable
oviparous,viviparous
disloyally,loyally
nonspeaking,speaking
melodiously,unmelodiously
pronation,supination
implausibility,plausibility
due,undue
premeditated,unpremeditated
concentric,eccentric
postprandial,preprandial
domineering,submissive
meatless,meaty
consolable,inconsolable
painful,painless
deflationary_spiral,inflationary_spiral
heedful,heedless
precede,succeed
fixed,unfixed
loving,unloving
acuteness,obtuseness
imponderable,ponderable
clasp,unclasp
permanently,temporarily
irreverence,reverence
definite,indefinite
exploited,unexploited
acquit,convict
decision,indecision
inviting,uninviting
neurotic,unneurotic
awned,awnless
approvingly,disapprovingly
free_state,slave_state
emptiness,fullness
extension,flexion
egalitarian,elitist
starchless,starchy
suitably,unsuitably
troubled,untroubled
bellied,bellyless
future,past
born,unborn
decreased,increased
monotheistic,polytheistic
arranged,disarranged
go,no-go
translatable,untranslatable
heterosexual,homosexual
capability,incapability
agreeable,disagreeable
repentant,unrepentant
international,national
irregularly,regularly
nonpartisan,partisan
courteous,discourteous
deciphered,undeciphered
high,low_spirits
empirical,theoretical
arrange,disarrange
diplomatic,undiplomatic
comedy,tragedy
chaste,unchaste
achlamydeous,chlamydeous
fatness,leanness
centralization,decentralization
convinced,unconvinced
consonantal,vocalic
intolerable,tolerable
cold_war,hot_war
assortative_mating,disassortative_mating
hypotensive,normotensive
bound,unbound
rh-negative,rh-positive
connect,disconnect
determined,undetermined
advertently,inadvertently
defensively,offensively
acrocarp,pleurocarp
civil,uncivil
clean,unclean
conditioned,unconditioned
impersonal,personal
likelihood,unlikelihood
autotrophic,heterotrophic
impenetrable,penetrable
criminalisation,decriminalisation
disentangle,entangle
obstructed,unobstructed
exempt,nonexempt
quickly,slowly
exclude,include
irreversibility,reversibility
hydric,mesic
congruous,incongruous
left,right
curve,straight_line
abstain,consume
female,male
illogically,logically
moving,nonmoving
easy,uneasy
illicit,licit
impossibly,possibly
hairless,hairy
theatrical,untheatrical
cheer,complain
responsive,unresponsive
joyless,joyous
credulously,incredulously
righteousness,unrighteousness
adoptable,unadoptable
attend,miss
acatalectic,catalectic
insolvency,solvency
rural_area,urban_area
pardonably,unpardonably
confined,unconfined
attraction,repulsion
pretentiously,unpretentiously
roll_up,unfurl
unveil,veil
expressible,inexpressible
female_child,male_child
maximize,minimize
articulate,inarticulate
hydrophilic,hydrophobic
illiterate,literate
studied,unstudied
attractively,unattractively
good_nature,ill_nature
contraindication,indication
buried,unburied
continual,sporadic
clean,dirty
treated,untreated
gain,reduce
friendly,hostile
advantageously,disadvantageously
diligent,negligent
compact,loose
respectability,unrespectability
bottle-fed,breast-fed
tapped,untapped
articulately,inarticulately
eukaryote,prokaryote
strain,unstrain
high_relief,low_relief
arenaceous,argillaceous
rested,tired
blur,focus
diversify,specialize
known,unknown
gutless,gutsy
anti,pro
instructive,uninstructive
unwellness,wellness
converge,diverge
impolitely,politely
danger,safety
in_hand,out_of_hand
bipedal,quadrupedal
caudal,cephalic
naivete,sophistication
armament,disarmament
leaky,tight
differentiate,integrate
aqueous,igneous
rightness,wrongness
disequilibrium,equilibrium
misogyny,philogyny
bless,curse
majuscule,minuscule
married,unmarried
punctuality,tardiness
dying,nascent
switch_off,switch_on
imprecision,precision
fastidious,unfastidious
touched,untouched
elastic,inelastic
ceilinged,floored
eared,earless
defense,offense
disengage,engage
eastern,western
isometric,isotonic
permissiveness,unpermissiveness
absorbable,adsorbable
masochistic,sadistic
hydric,xeric
bright,dull
ribbed,ribless
explicitness,inexplicitness
sheared,unsheared
certainty,uncertainty
association,disassociation
analytic,synthetic
instability,stability
inopportunely,opportunely
extracellular,intracellular
bisexual,heterosexual
complexity,simplicity
hipless,hipped
in_vitro,in_vivo
enjoy,suffer
three-piece,two-piece
off-site,on-site
nonsurgical,surgical
reliableness,unreliableness
denationalise,nationalise
seal,unseal
credible,incredible
clarity,opacity
shuttered,unshuttered
emotionally,unemotionally
characteristic,uncharacteristic
corporeal,incorporeal
fatty,nonfat
insincere,sincere
autogenous,heterogenous
credulous,incredulous
prospective,retrospective
dullness,sharpness
fame,infamy
remarkably,unremarkably
inspan,outspan
inward,outward
changeableness,changelessness
toned,toneless
endotoxin,exotoxin
decode,encode
humorlessly,humorously
important,unimportant
foolishly,wisely
sociability,unsociability
centrality,marginality
lined,unlined
sarcastic,unsarcastic
monism,pluralism
hardened,soft
improper,proper
dystopia,utopia
fairly,unfairly
rightfulness,wrongfulness
running,standing
conserve,waste
hungry,thirsty
colonise,decolonise
active,inactive
spineless,spinous
easterly,westerly
bearing,nonbearing
agnostic,gnostic
competitive,noncompetitive
scholarly,unscholarly
reactive,unreactive
seasonableness,unseasonableness
vernal,wintry
off,on
impressive,unimpressive
carnivorous,herbivorous
anticholinergic,cholinergic
buttoned,unbuttoned
finished,unfinished
improbable,probable
genuineness,spuriousness
ambiguity,unambiguity
adorned,unadorned
accordant,discordant
sedate,stimulate
leptorrhine,platyrrhine
altered,unaltered
illiberality,liberality
hop_on,hop_out
impermissibly,permissibly
dead,living
eligible,ineligible
eloquently,ineloquently
disunion,union
conformity,nonconformity
borrower,lender
rhetorical,unrhetorical
explicit,implicit
fortunately,unfortunately
anastalsis,peristalsis
cheaply,expensively
dissimilitude,similitude
listed,unlisted
minus,plus
over-the-counter_medicine,prescription_medicine
conscientious,unconscientious
dull,sharpen
skinless,skinned
gradual,steep
palatability,unpalatability
formalism,imitation
communicative,uncommunicative
earned,unearned
demobilization,mobilization
defense,prosecution
corrected,uncorrected
endomorphic,mesomorphic
closed_interval,open_interval
imprudently,prudently
pleasantness,unpleasantness
high-tech,low-tech
profitably,unprofitably
injured,uninjured
erect,unerect
postwar,prewar
tongued,tongueless
awkward,graceful
available,unavailable
far,near
illogicality,logicality
unusual,usual
explicable,inexplicable
thematic,unthematic
manageable,unmanageable
imaginatively,unimaginatively
gutlessness,gutsiness
negative_charge,positive_charge
carinate,ratite
classicist,romanticist
end-stopped,run-on
bequeath,disinherit
nonreversible,reversible
improperness,properness
luckily,unluckily
devitalize,vitalize
imperishable,perishable
deductible,nondeductible
credibility,incredibility
drinker,nondrinker
corrupt,incorrupt
exhale,inhale
immeasurably,measurably
benignancy,malignancy
colourful,colourless
headed,headless
lie,stand
overhead,surface
maximization,minimization
nonsignificant,significant
compliance,noncompliance
rusticity,urbanity
anisotropic,isotropic
consequence,inconsequence
intervention,nonintervention
dispose,indispose
downwardly,upwardly
aggressive,unaggressive
tastefulness,tastelessness
comfortable,uncomfortable
hide,show
clearheaded,confused
scheduled,unscheduled
nonresidential,residential
adoptive,biological
apocarpous,syncarpous
serviceable,unserviceable
call_option,put_option
dissimilar,similar
privately,publicly
certain,uncertain
hyperthyroidism,hypothyroidism
fold,unfold
applied,theoretical
catadromous,diadromous
passing,running
insentience,sentience
dystopian,utopian
overhand,underhand
sheathed,unsheathed
sold,unsold
illegality,legality
deciduous,evergreen
disproportionate,proportionate
Anglophilia,Anglophobia
reconstructed,unreconstructed
overvalue,undervalue
file_in,file_out
bad_weather,good_weather
back_burner,front_burner
reserved,unreserved
cauline,radical
eukaryotic,prokaryotic
insensitiveness,sensitiveness
coldness,hotness
inutility,utility
action,inaction
sunrise,sunset
multilane,single-lane
internationalism,nationalism
holophytic,holozoic
connotative,denotative
clip,unclip
unwrap,wrap
trustiness,untrustiness
statesmanlike,unstatesmanlike
equivocalness,unequivocalness
documented,undocumented
defeated,undefeated
functional,nonfunctional
disabling,enabling
lubricated,unlubricated
apojove,perijove
acidity,alkalinity
impermissible,permissible
soled,soleless
beseeching,imperative
desynchronize,synchronize
selfishly,unselfishly
hypernatremia,hyponatremia
foe,friend
evilness,goodness
unusualness,usualness
mesic,xeric
complaining,uncomplaining
seasonably,unseasonably
hurried,unhurried
intangible,tangible
invasive,noninvasive
agitate,calm
stand,yield
nonrepresentative,representative
enlightenment,unenlightenment
strap,unstrap
black,white
farness,nearness
feelingly,unfeelingly
round,square
husbandly,wifely
fretted,unfretted
carvel-built,clinker-built
pull_in,pull_out
convertibility,inconvertibility
monotheism,polytheism
oriented,unoriented
retentive,unretentive
fruitfully,fruitlessly
destructibility,indestructibility
sitter,stander
demanding,undemanding
extended,unextended
impalpability,palpability
difficulty,ease
disreputability,reputability
digestible,indigestible
inclined,vertical
extrusive,intrusive
hollow,solid
generic,varietal
roughen,smooth
overspend,underspend
graciously,ungraciously
careful,careless
fast_lane,slow_lane
move,stay
irresponsibleness,responsibleness
gradual,sudden
damaged,undamaged
negativeness,positiveness
hate,love
conformist,nonconformist
sociable,unsociable
tipped,untipped
cultivated,uncultivated
informative,uninformative
oldness,youngness
biennial,perennial
flattering,unflattering
understood,ununderstood
immorally,morally
anapsid,diapsid
figuratively,literally
dryness,wetness
printable,unprintable
tucked,untucked
knot,unknot
content,discontent
equatorial,polar
fertile,sterile
nonvolatile_storage,volatile_storage
creative,uncreative
exchangeable,unexchangeable
analysis,synthesis
loamless,loamy
aplacental,placental
demonetization,monetization
irresponsibly,responsibly
dysgenic,eugenic
membered,memberless
imperfectibility,perfectibility
diluted,undiluted
potted,unpotted
useful,useless
apteral,peripteral
finitely,infinitely
concise,prolix
insecure,secure
contraindicate,indicate
extinguish,ignite
likely,unlikely
inflected,uninflected
legato,staccato
bad_egg,good_egg
frail,robust
thickly,thinly
exportable,unexportable
bar,unbar
dramatic,undramatic
nonspatial,spatial
handed,handless
illogical,logical
admit,deny
provocative,unprovocative
competent,incompetent
gratefully,ungratefully
accommodating,unaccommodating
formal,informal
air-to-air,air-to-surface
dependent,independent
log_in,log_out
idiographic,nomothetic
off-line,on-line
sparkling,still
insubstantial,substantial
alive,dead
negative,positive
alterability,unalterability
fashionably,unfashionably
abstract,concrete
functional,organic
allopathic,homeopathic
stableness,unstableness
monolingual,multilingual
insufficiency,sufficiency
stay_in_place,travel
distal,mesial
arise,sit_down
likeliness,unlikeliness
implausible,plausible
self-consciously,unselfconsciously
carnivorous,omnivorous
act,refrain
e-mail,snail_mail
ambitiously,unambitiously
consumptive,generative
seeded,unseeded
fertility,infertility
fair,unfair
palatably,unpalatably
presidential,unpresidential
characteristically,uncharacteristically
overestimate,underestimate
intractability,tractability
stuff,unstuff
compartmented,uncompartmented
desegregate,segregate
officially,unofficially
hospitableness,inhospitableness
cautious,incautious
cry,laugh
bloodily,bloodlessly
hook,unhook
deep,shallow
bear,bull
cross-eyed,walleyed
breakableness,unbreakableness
unwebbed,webbed
ionic,nonionic
linger,rush
expediently,inexpediently
oiled,unoiled
gusseted,ungusseted
ill-being,well-being
displeased,pleased
hereness,thereness
bad_luck,good_luck
tie,untie
cast_off,cast_on
determinate,indeterminate
deaden,enliven
dehiscent,indehiscent
afraid,unafraid
fashionable,unfashionable
loved,unloved
irreparable,reparable
add,take_away
invariableness,variableness
buckle,unbuckle
moving,unmoving
hopefully,hopelessly
dumb_bomb,smart_bomb
linear,planar
corporeality,incorporeality
fallibility,infallibility
unwitting,witting
anaclinal,cataclinal
penalty,reward
leaded_gasoline,unleaded_gasoline
multivalent,univalent
immotility,motility
nonpregnant,pregnant
nonsubmersible,submersible
comparably,incomparably
inopportuneness,opportuneness
anisotropy,isotropy
knowingly,unknowingly
discourage,encourage
implacable,placable
insensitive,sensitive
nonspecific,specific
asymmetrical,symmetrical
sour,sweeten
half,whole
renewable,unrenewable
arboreal,nonarboreal
guilty,innocent
ashamedly,unashamedly
realistically,unrealistically
comprehensible,incomprehensible
nonoperational,operational
cursorial,fossorial
attached,detached
harness,unharness
audibility,inaudibility
fall,rise
crosswise,lengthwise
oviparous,ovoviviparous
obscurity,prominence
reassure,worry
brighten,darken
binucleate,mononuclear
disrepute,repute
demagnetise,magnetise
poverty,wealth
compatibly,incompatibly
tidiness,untidiness
forget,mind
common,uncommon
lawfully,lawlessly
multinucleate,uninucleate
conclusiveness,inconclusiveness
overdress,underdress
away_game,home_game
framed,unframed
legalise,outlaw
approachable,unapproachable
unwelcome,welcome
intangibility,tangibility
invertible,non-invertible
immaturely,maturely
conform,deviate
head,rear
benign,malign
acropetal,basipetal
destabilisation,stabilisation
formed,unformed
fearfulness,fearlessness
general,local
dove,hawk
tidy,untidy
paper_loss,paper_profit
fearfully,fearlessly
lose,win
holy,unholy
dishonest,honest
motivated,unmotivated
intractable,tractable
hurriedly,unhurriedly
intoxicated,sober
unweave,weave
be_well,suffer
immoderation,moderation
happily,unhappily
servile,unservile
fractional,whole
crossed,uncrossed
conductor,insulator
free,obstruct
aperiodic,periodic
occidentalize,orientalize
reliable,unreliable
atonic,tonic
even,uneven
mated,unmated
directly,indirectly
crystalline,noncrystalline
discouraging,encouraging
malicious,unmalicious
inhibited,uninhibited
complainingly,uncomplainingly
dress,undress
irresponsible,responsible
green,ripe
impurity,purity
brotherly,sisterly
smart,stupid
carpeted,uncarpeted
diversified,undiversified
issue,recall
contented,discontented
enforceable,unenforceable
externally,internally
integrated,segregated
apropos,malapropos
insurability,uninsurability
catarrhine,leptorrhine
live_in,live_out
disembarkation,embarkation
boarding_school,day_school
contested,uncontested
appropriateness,inappropriateness
glorious,inglorious
aboral,oral
rhymed,unrhymed
drinkable,undrinkable
nonprehensile,prehensile
headed,unheaded
reality,unreality
centralized,decentralized
intelligible,unintelligible
predictability,unpredictability
nonpolitical,political
falsity,truth
efficacious,inefficacious
hyperpigmentation,hypopigmentation
fraternal,identical
savory,unsavory
collected,uncollected
concentrated,distributed
desalinate,salinate
packaged,unpackaged
compress,decompress
active,extinct
hardware,software
detribalization,tribalization
equality,inequality
screw,unscrew
female_offspring,male_offspring
dehydrogenate,hydrogenate
convergence,divergence
classified,unclassified
erase,record
signed,unsigned
institutionalized,noninstitutionalized
adequately,inadequately
organized,unorganized
institutional,noninstitutional
seductive,unseductive
go_off,go_on
intrusive,unintrusive
herbivorous,insectivorous
constitutionally,unconstitutionally
reportable,unreportable
edifying,unedifying
selfishness,unselfishness
technophile,technophobe
depart,stay
blue-collar,white-collar
effectiveness,ineffectiveness
exciting,unexciting
irreconcilable,reconcilable
impatiently,patiently
fixedness,looseness
faithfulness,unfaithfulness
age,rejuvenate
dignified,undignified
irreversible,reversible
expired,unexpired
balconied,unbalconied
chromatic,diatonic
deniable,undeniable
immodest,modest
irresolutely,resolutely
dispensability,indispensability
distributary,tributary
satisfactoriness,unsatisfactoriness
cool,warm
nonrandom,random
acquisitive,unacquisitive
shrinkable,unshrinkable
flexibility,inflexibility
designed,undesigned
blind,sighted
adroitly,maladroitly
irritate,soothe
controversial,uncontroversial
pack,unpack
summer_solstice,winter_solstice
alternating,direct
high_explosive,low_explosive
nonviolently,violently
day_school,night_school
claim,forfeit
funded,unfunded
middle-class,upper-class
approachability,unapproachability
continue,discontinue
Anglican,Nonconformist
nonsyllabic,syllabic
grudgingly,ungrudgingly
optimism,pessimism
civil,sidereal
live,recorded
curious,incurious
empty,fill
highness,lowness
argumentative,unargumentative
nominal,real
grammatical,ungrammatical
tasteful,tasteless
dislike,like
disrespect,respect
democratically,undemocratically
couple,uncouple
congenial,uncongenial
identifiable,unidentifiable
comprehension,incomprehension
mindfully,unmindfully
accustomed,unaccustomed
nonparticipation,participation
intelligent,unintelligent
demerit,merit
purge,rehabilitate
aunt,uncle
truthful,untruthful
even-toed_ungulate,odd-toed_ungulate
activation,inactivation
bipolar,unipolar
continuous,discontinuous
desynchronise,synchronise
illogicalness,logicalness
heterogeneity,homogeneity
deceive,undeceive
nontoxic,toxic
reassuring,unreassuring
correct,incorrect
consideration,inconsideration
cyclic,noncyclic
amphibious,terrestrial
sleep,wake
intense,mild
anhydrous,hydrous
profitable,unprofitable
silence,sound
approval,disapproval
starless,starry
filial,parental
roofed,roofless
ill-defined,well-defined
pretentious,unpretentious
punished,unpunished
yang,yin
imprudent,prudent
immoral,moral
anemophilous,entomophilous
punctual,unpunctual
fictional,nonfictional
compliant,defiant
humaneness,inhumaneness
coherent,incoherent
collapsible,noncollapsible
gloved,gloveless
endocentric,exocentric
nonproprietary,proprietary
deflate,inflate
alienable,inalienable
nobleman,noblewoman
conceit,humility
addicted,unaddicted
determinable,indeterminable
re-entrant,salient
contamination,decontamination
allochthonous,autochthonous
illegitimacy,legitimacy
acatalectic,hypercatalectic
advantageous,disadvantageous
glazed,unglazed
tasteless,tasty
immeasurable,measurable
portable,unportable
lowborn,noble
emotional_person,unemotional_person
equal,unequal
communicate,excommunicate
composed,discomposed
broadly,narrowly
unwooded,wooded
expected,unexpected
freeze,unfreeze
effector,receptor
criminalise,decriminalise
often,rarely
flash-forward,flashback
buy,sell
commercial,noncommercial
decently,indecently
pleasant,unpleasant
bring,take_away
exculpatory,inculpatory
rotor,stator
get_off,get_on
trimmed,untrimmed
insubstantiality,substantiality
neap_tide,springtide
irremovable,removable
defeat,victory
adaptable,unadaptable
exaugural,inaugural
downmarket,upmarket
magnetic,nonmagnetic
abactinal,actinal
orthodoxy,unorthodoxy
avirulent,virulent
dysgenics,eugenics
dry_fly,wet_fly
nonpayment,payment
narrowness,wideness
hospitality,inhospitality
intensifying,moderating
passionate,passionless
start,stop
sure,unsure
pigeon-toed,splayfooted
corpuscular_theory,wave_theory
regretful,unregretful
dishonor,honor
highland,lowland
default,pay_up
activeness,inactiveness
sonic,subsonic
deficit,lead
keep,lose
close_up,open_up
clear,unclear
convergent_thinking,divergent_thinking
armed,armless
brachycephalic,dolichocephalic
tactful,tactless
accessible,inaccessible
bodied,unbodied
cenogenesis,palingenesis
feminine,neuter
encumbered,unencumbered
balance,unbalance
attendance,nonattendance
reliably,unreliably
inhabited,uninhabited
nontechnical,technical
closed_circuit,open_circuit
precedented,unprecedented
adaptive,maladaptive
complex_instruction_set_computing,reduced_instruction_set_computing
agonist,antagonist
aliquant,aliquot
flexibly,inflexibly
immobile,mobile
autogamous,exogamous
acaudate,caudate
demotion,promotion
necked,neckless
confident,diffident
interesting,uninteresting
protective,unprotective
bridle,unbridle
abused,unabused
active,stative
calcicolous,calcifugous
affirmation,reversal
demystify,mystify
contemptible,estimable
dry-bulb_thermometer,wet-bulb_thermometer
dull,lively
involvement,non-involvement
anti-American,pro-American
contracted,expanded
annual,biennial
favorable,unfavorable
loud,soft
adequate,inadequate
breasted,breastless
extrovert,introvert
judgment_in_personam,judgment_in_rem
antapex,apex
narrow,widen
ascending,descending
noisily,quietly
bivalent,univalent
critical,noncritical
disinfect,infect
nay,yea
lower-class,middle-class
improvidently,providently
poor,rich
combustible,noncombustible
displeasing,pleasing
decrease,increase
insensitivity,sensitivity
behave,misbehave
attractive,repulsive
intransitively,transitively
derequisition,requisition
insubordinate,subordinate
full-term,premature
cork,uncork
driver,nondriver
exploratory,nonexploratory
double,single
civilian,serviceman
anestrous,estrous
nonrepetitive,repetitive
anabatic,katabatic
ambiversive,introversive
atypical,typical
ill,well
awaken,cause_to_sleep
unwieldy,wieldy
lighted,unlighted
truthfully,untruthfully
dispensable,indispensable
civil_law,international_law
empirically,theoretically
fitness,unfitness
usefully,uselessly
peace,war
bend,unbend
compromising,uncompromising
radial_asymmetry,radial_symmetry
endergonic,exergonic
inviolable,violable
found,lost
interdepartmental,intradepartmental
big,small
disproportionately,proportionately
allogamy,autogamy
felicity,infelicity
fresh,preserved
errancy,inerrancy
ascent,descent
backhand,forehand
secured_bond,unsecured_bond
clear_up,overcast
spell,unspell
masculine,neuter
charge,discharge
attack,defend
subscript,superscript
bisexual,homosexual
defy,lend_oneself
astomatous,stomatous
gathered,ungathered
depress,elate
perinatal,prenatal
impatience,patience
generosity,stinginess
turned,unturned
ametropic,emmetropic
demote,promote
anesthetize,bring_to
basic,incidental
major,minor
hypertensive,normotensive
loosening,tightening
commonality,individuality
extant,extinct
supported,unsupported
suspected,unsuspected
crowded,uncrowded
autumnal,vernal
endogenic,exogenic
lengthen,shorten
idle,work
centralizing,decentralizing
apogee,perigee
propitious,unpropitious
alarming,unalarming
dramatic,lyric
break,repair
consummated,unconsummated
attentiveness,inattentiveness
concave_polygon,convex_polygon
affirm,negate
appetizingness,unappetizingness
cooperative,uncooperative
commutable,incommutable
ironed,unironed
active,dormant
nonrepresentational,representational
strengthening,weakening
disable,enable
cenobitic,eremitic
divide,multiply
unyoke,yoke
female_sibling,male_sibling
christian,unchristian
impassable,passable
invulnerability,vulnerability
bowed,plucked
principled,unprincipled
nidicolous,nidifugous
nonreligious_person,religious_person
strongly,weakly
metallic,nonmetallic
decorous,indecorous
nonthermal,thermal
disparage,flatter
asleep,awake
weightless,weighty
bolt,unbolt
patriotic,unpatriotic
snarl,unsnarl
forceful,forceless
clarity,obscurity
daughter,son
flat,natural
shapely,unshapely
lash,unlash
ambitious,unambitious
nonspherical,spherical
traveled,untraveled
objective,subjective
corruptness,incorruptness
cut,uncut
polished,unpolished
familiarity,unfamiliarity
acroscopic,basiscopic
dovishness,hawkishness
deodorize,odorize
at_best,at_worst
facultative,obligate
direct,indirect
imprecisely,precisely
nonreturnable,returnable
nonporous,porous
right,wrong
offstage,onstage
taciturn,voluble
free,unfree
intrusive,protrusive
impenetrability,penetrability
away,home
captor,liberator
perceptive,unperceptive
cosmopolitan,endemic
continued,discontinued
immobility,mobility
curability,incurability
add,subtract
seasonal,year-round
congeniality,uncongeniality
finite,infinite
invisible,visible
punitive,rehabilitative
satisfactorily,unsatisfactorily
immodestly,modestly
arming,disarming
disreputable,reputable
delay,rush
overcharge,undercharge
lost,saved
sympathetic,unsympathetic
break_even,lose
supervised,unsupervised
connectedness,unconnectedness
abaxial,adaxial
nonsteroidal,steroidal
gain,loss
dependability,undependability
development,nondevelopment
broad-mindedly,narrow-mindedly
custom-made,ready-made
fruitful,unfruitful
accusatorial,inquisitorial
decorum,indecorum
time_off,work_time
impiety,piety
exon,intron
feathered,unfeathered
developed,undeveloped
owned,unowned
cross-fertilization,self-fertilization
blunt_file,taper_file
sentimentally,unsentimentally
exactly,inexactly
aesthetic,inaesthetic
false,true
no,yes
brother,sister
centralize,decentralize
make_peace,war
mushroom,toadstool
azonal,zonal
beautify,uglify
forgiving,unforgiving
classify,declassify
initiate,uninitiate
nontraditional,traditional
dependably,undependably
fueled,unfueled
noticed,unnoticed
stable,unstable
elasticity,inelasticity
husband,wife
forward,reverse
conductive,nonconductive
natural,sharp
hyperpnea,hypopnea
existent,nonexistent
controversially,uncontroversially
oblique,perpendicular
anticatalyst,catalyst
occupied,unoccupied
disenfranchisement,enfranchisement
nonracial,racial
Heaven,Hell
cross-pollination,self-pollination
factory-made,homemade
dishonorable,honorable
local,national
improbability,probability
skim_milk,whole_milk
phase_in,phase_out
civility,incivility
impermeable,permeable
cenobite,eremite
break,keep
modified,unmodified
figurative,literal
agreeably,disagreeably
realistic,unrealistic
host,parasite
irreverently,reverently
accurately,inaccurately
permissive,unpermissive
arbitrary,nonarbitrary
castrated,uncastrated
intellectual,nonintellectual
artificial_language,natural_language
echoic,nonechoic
accurate,inaccurate
combined,uncombined
mined,unmined
cold,hot
efficacy,inefficacy
endogenous,exogenous
paradigmatic,syntagmatic
generous,ungenerous
contract_in,contract_out
defendant,plaintiff
summery,wintry
one-piece,three-piece
illegitimately,legitimately
atrophied,hypertrophied
manageably,unmanageably
foot,head
creativeness,uncreativeness
crossbred,purebred
immunocompetence,immunodeficiency
restrictive,unrestrictive
lock,unlock
seedless,seedy
nonwoody,woody
pointed,pointless
glad,sad
acute,obtuse
pleasantly,unpleasantly
paid,unpaid
heterozygous,homozygous
impalpable,palpable
interference,noninterference
disobey,obey
seasonable,unseasonable
derestrict,restrict
agree,disagree
fall_back,gain
dissatisfy,satisfy
eligibility,ineligibility
desirability,undesirability
rigged,unrigged
arm,disarm
moved,unmoved
derived,underived
exactness,inexactness
past,present
abnormal,normal
augmentation,diminution
natural_depression,natural_elevation
reasonable,unreasonable
front,rear
depigmentation,pigmentation
delineated,undelineated
selected,unselected
heedfulness,heedlessness
frequently,infrequently
cognizance,incognizance
relax,tense
centrifugal_force,centripetal_force
amphitropous,anatropous
actual_sin,original_sin
download,upload
nonpasserine,passerine
traceable,untraceable
insolubility,solubility
classical,nonclassical
hypervolemia,hypovolemia
emotional,unemotional
humble,proud
kindly,unkindly
hesitantly,unhesitatingly
overpay,underpay
impracticability,practicability
colonize,decolonize
guided,unguided
surprising,unsurprising
systematically,unsystematically
abnormality,normality
terseness,verboseness
nonunion,union
faithfully,unfaithfully
carefully,carelessly
darkness,lightness
impartiality,partiality
adiabatic,diabatic
faintheartedness,stoutheartedness
angularity,roundness
object_program,source_program
nadir,zenith
oblate,prolate
unworthy,worthy
discreetly,indiscreetly
infernal,supernal
diplomatically,undiplomatically
fauna,flora
explicitly,implicitly
civilized,noncivilized
heterozygosity,homozygosity
diachronic,synchronic
subsonic,supersonic
cerebral,emotional
correctness,incorrectness
antonym,synonym
hyperparathyroidism,hypoparathyroidism
righteously,unrighteously
engagement,non-engagement
ceremoniousness,unceremoniousness
auspicious,inauspicious
high-tension,low-tension
abstractly,concretely
antipyretic,pyretic
a_la_carte,table_d'hote
high_status,low_status
expedient,inexpedient
legged,legless
informatively,uninformatively
tied,untied
active_voice,passive_voice
toed,toeless
absence,presence
joint,separate
insane,sane
stemless,stemmed
greenness,ripeness
impotent,potent
matriarchal,patriarchal
grateful,ungrateful
healthful,unhealthful
downgrade,upgrade
social,unsocial
conspicuousness,inconspicuousness
asset,liability
profound,superficial
discriminate,indiscriminate
generally,specifically
absorbency,nonabsorbency
irresistible,resistible
palatable,unpalatable
appreciation,depreciation
addictive,nonaddictive
consistency,inconsistency
crookedness,straightness
cooked,raw
self-consciousness,unselfconsciousness
appealable,unappealable
desynchronizing,synchronizing
dislike,liking
cool,heat
generalize,specify
digitigrade,plantigrade
conscientiousness,unconscientiousness
occidentalise,orientalise
defend,prosecute
aft,fore
privileged,underprivileged
irreversible_process,reversible_process
nonsectarian,sectarian
double-breasted,single-breasted
postnatal,prenatal
belted,unbelted
intra_vires,ultra_vires
insincerely,sincerely
anonymous,onymous
impropriety,propriety
cousinly,uncousinly
harmfully,harmlessly
hardhearted,softhearted
coarse,fine
breathing,breathless
disorderly,orderly
down,up
obverse,reverse
brand-name_drug,generic_drug
mown,unmown
natural,unnatural
silenced,unsilenced
accentual,syllabic
construction,misconstruction
favorableness,unfavorableness
bottlefeed,breastfeed
pro-choice,pro-life
insanely,sanely
ethically,unethically
financial,nonfinancial
high_pitch,low_pitch
subsurface,surface
admissibility,inadmissibility
structured,unstructured
conventional,nuclear
overgarment,undergarment
immutability,mutability
advance,retreat
expensiveness,inexpensiveness
clutter,unclutter
con,pro
analyze,synthesize
moonless,moonlit
overstate,understate
kinanesthesia,kinesthesia
assemble,disassemble
grand_larceny,petit_larceny
associative,nonassociative
slip_off,slip_on
particular,universal
forgettable,unforgettable
experienced,inexperienced
hyperopia,myopia
ectomorphic,endomorphic
continuation,discontinuation
unwire,wire
impersonally,personally
handwash,machine_wash
lipless,lipped
bad_guy,good_guy
good_part,weak_part
denitrify,nitrify
adscript,superscript
monophony,polyphony
impotence,potence
anticyclone,cyclone
forget,remember
immortal,mortal
larboard,starboard
joyful,sorrowful
evenly,unevenly
irregularity,regularity
liveried,unliveried
comprehensibility,incomprehensibility
day_game,night_game
hyperthermia,hypothermia
dissatisfaction,satisfaction
believe,disbelieve
focused,unfocused
contraction,expansion
immovableness,movableness
de-iodinate,iodinate
valuable,worthless
romantically,unromantically
achromatic_color,chromatic_color
clog,unclog
restrained,unrestrained
aware,unaware
improved,unimproved
disoblige,oblige
airworthy,unairworthy
beneficence,maleficence
legalize,outlaw
horizontal,inclined
interstate,intrastate
tune,untune
acceptably,unacceptably
stratified_language,unstratified_language
anamorphism,katamorphism
unwillingness,willingness
illiteracy,literacy
apoapsis,periapsis
appearance,disappearance
generous,stingy
power,powerlessness
high-rise,low-rise
answer,question
continuance,discontinuance
hairiness,hairlessness
pleasure_principle,reality_principle
alterable,unalterable
worth,worthlessness
acidic,amphoteric
lucky,unlucky
assertive,unassertive
powered,unpowered
fruitfulness,fruitlessness
asymmetry,symmetry
cacodemon,eudemon
dematerialise,materialise
be_full,starve
fail,manage
liar,square_shooter
constructiveness,destructiveness
electronic_mail,snail_mail
disembark,embark
continental,intercontinental
lawful,unlawful
discerning,undiscerning
happy,unhappy
loaded,unloaded
atonal,tonal
strong_point,weak_point
insensible,sensible
insignificance,significance
original,unoriginal
immediacy,mediacy
antitype,type
enter,exit
playable,unplayable
conjunctive,disjunctive
discouragement,encouragement
accept,refuse
current,noncurrent
deciduous_plant,evergreen_plant
reverberant,unreverberant
demand,supply
nonpsychoactive,psychoactive
antemortem,postmortem
fairness,unfairness
illegible,legible
interestingness,uninterestingness
downstage,upstage
compressible,incompressible
head,tail
apolune,perilune
continuity,discontinuity
attachable,detachable
color,discolor
demilitarise,militarise
relaxed,tense
forgivingly,unforgivingly
joyfully,joylessly
conventionally,unconventionally
abranchiate,branchiate
melted,unmelted
impotency,potency
convincing,unconvincing
leafless,leafy
patterned,plain
